<?xml version="1.0"?>
<doc>
    <assembly>
        <name>BootstrapTable</name>
    </assembly>
    <members>
        <member name="T:BootstrapTable.Controls.ITableBuilderT`1">
            <exclude/>
        </member>
        <member name="T:BootstrapTable.Controls.ITableApply`1">
            <exclude/>
        </member>
        <member name="M:BootstrapTable.Controls.ITableApply`1.ApplyToTable(System.String,System.Object)">
            <summary>
            Apply an option to the table.
            </summary>
            <param name="name">Name of the property to apply</param>
            <param name="value">Property value</param>
        </member>
        <member name="M:BootstrapTable.Controls.ITableApply`1.ApplyToColumns(System.Web.Mvc.ColumnOption)">
            <summary>
            Apply an option to all of the columns already defined in the table.
            </summary>
            <param name="option"></param>
            <returns></returns>
        </member>
        <member name="M:BootstrapTable.Controls.ITableApply`1.Apply(System.Web.Mvc.TableOption[])">
            <summary>
            Apply an option to either a table or a column.
            </summary>
            <param name="options">Enumeration option to apply</param>
        </member>
        <member name="M:BootstrapTable.Controls.ITableApply`1.Apply(System.Web.Mvc.TableOption,System.Object)">
            <summary>
            Apply an option value to the table or a column.
            </summary>
            <param name="option">Enumeration property to apply.</param>
            <param name="value">Property value.</param>
        </member>
        <member name="M:BootstrapTable.Controls.ITableApply`1.Apply(System.Web.Mvc.TableOption,System.Object[])">
            <summary>
            Apply an option object array to the table or a column.
            </summary>
            <param name="option">Enumeration property to apply.</param>
            <param name="value">Property value.</param>
        </member>
        <member name="M:BootstrapTable.Controls.ITableApply`1.Cease(System.Web.Mvc.TableOption[])">
            <summary>
            Remove an option to either a table or a column.
            </summary>
            <param name="options">Enumeration option to remove.</param>
        </member>
        <member name="M:BootstrapTable.Controls.ITableApply`1.Columns(System.String[])">
            <summary>
            Add one or more columns (fields) to the table.
            </summary>
        </member>
        <member name="M:BootstrapTable.Controls.ITableApply`1.Column(System.String,System.Boolean,System.String)">
            <summary>
            Add or retrieve a column to the table.
            </summary>
            <param name="title">Column title.</param>
            <param name="sortable">Is sortable.</param>
            <param name="sorter">Sorting function.</param>
        </member>
        <member name="M:BootstrapTable.Controls.ITableBuilderT`1.Apply``1(System.Linq.Expressions.Expression{System.Func{`0,``0}},System.Web.Mvc.ColumnOption,System.Object[])">
            <summary>
            Apply an option to a column.
            </summary>
            <param name="expression">An expression that identifies the column property</param>
            <param name="option">Column option to apply</param>
            <param name="value">Property value</param>
            <returns></returns>
        </member>
        <member name="M:BootstrapTable.Controls.ITableBuilderT`1.Apply``1(System.Linq.Expressions.Expression{System.Func{`0,``0}},System.Web.Mvc.ColumnOption,System.Object)">
            <summary>
            Apply an option to the column.
            </summary>
            <param name="expression">An expression that identifies the column property</param>
            <param name="option">Column option to apply</param>
            <param name="value">Property value</param>
            <returns></returns>
        </member>
        <member name="M:BootstrapTable.Controls.ITableBuilderT`1.Apply``1(System.Linq.Expressions.Expression{System.Func{`0,``0}},System.Web.Mvc.ColumnOption[])">
            <summary>
            Apply a boolean true value to one or more column options.
            </summary>
            <param name="expression">An expression that identifies the column property</param>
            <param name="options">Column option(s) to apply</param>
            <returns></returns>
        </member>
        <member name="M:BootstrapTable.Controls.ITableBuilderT`1.Cease``1(System.Linq.Expressions.Expression{System.Func{`0,``0}},System.Web.Mvc.ColumnOption[])">
            <summary>
            Apply a boolean false value to one or more column options.
            </summary>
            <param name="expression">An expression that identifies the column property</param>
            <param name="options">Column option(s) to apply</param>
            <returns></returns>
        </member>
        <member name="M:BootstrapTable.Controls.ITableBuilderT`1.Column``1(System.Linq.Expressions.Expression{System.Func{`0,``0}})">
            <summary>
            Get a column for a specific property.
            </summary>
        </member>
        <member name="T:BootstrapTable.Controls.IColumnBuilderT`1">
            <exclude/>
        </member>
        <member name="T:BootstrapTable.Controls.IColumnApply`1">
            <exclude/>
        </member>
        <member name="M:BootstrapTable.Controls.IColumnApply`1.Apply(System.Web.Mvc.ColumnOption,System.Object[])">
            <summary>
            Apply an option to a column
            </summary>
            <param name="option">Column option to apply</param>
            <param name="value">Object value</param>
        </member>
        <member name="M:BootstrapTable.Controls.IColumnApply`1.Apply(System.Web.Mvc.ColumnOption,System.Object)">
            <summary>
            Apply an option to a column.
            </summary>
            <param name="option">Column option to apply.</param>
            <param name="value">Property value.</param>
        </member>
        <member name="M:BootstrapTable.Controls.IColumnApply`1.Apply(System.Web.Mvc.ColumnOption[])">
            <summary>
            Apply a boolean true value to one or more column options.
            </summary>
            <param name="options">Column option(s) to apply.</param>
        </member>
        <member name="M:BootstrapTable.Controls.IColumnApply`1.Cease(System.Web.Mvc.ColumnOption[])">
            <summary>
            Apply a boolean false value to one or more column options.
            </summary>
            <param name="options">Column option(s) to apply.</param>
        </member>
        <member name="T:BootstrapTable.Controls.TableBuilder">
            <summary>
            Build a BootstrapTable control.
            </summary>
        </member>
        <member name="T:BootstrapTable.Controls.IColumnBuilder">
            <summary>
            Implementation to support bootstrap-table.
            </summary>
        </member>
        <member name="T:BootstrapTable.Controls.ITableBuilder">
            <summary>
            Implementation to support bootstrap-table.
            </summary>
        </member>
        <member name="M:BootstrapTable.Controls.ITableBuilder.Column(System.String,System.String,System.Boolean,System.String)">
            <summary>
            Add or retrieve a column.
            </summary>
            <param name="title">Column title.</param>
            <param name="field">Field name.</param>
            <param name="sortable">Is sortable.</param>
            <param name="sorter">Sorting function.</param>
        </member>
        <member name="M:BootstrapTable.Controls.IColumnBuilder.ApplyToColumn(System.String,System.Object)">
            <summary>
            Apply an option to a column.
            </summary>
            <param name="name">Name of the property to apply</param>
            <param name="value">Property value</param>
        </member>
        <member name="M:BootstrapTable.Controls.TableBuilder.ApplyToColumn(System.String,System.Object)">
            <inheritDoc/>
        </member>
        <member name="M:BootstrapTable.Controls.TableBuilder.ApplyToColumn(System.String,System.String,System.Object)">
            <inheritDoc/>
        </member>
        <member name="M:BootstrapTable.Controls.TableBuilder.Apply(System.Web.Mvc.ColumnOption,System.Object)">
            <exclude/>
        </member>
        <member name="M:BootstrapTable.Controls.TableBuilder.Apply(System.Web.Mvc.ColumnOption,System.Object[])">
            <exclude/>
        </member>
        <member name="M:BootstrapTable.Controls.TableBuilder.Apply(System.Web.Mvc.ColumnOption[])">
            <exclude/>
        </member>
        <member name="M:BootstrapTable.Controls.TableBuilder.Cease(System.Web.Mvc.ColumnOption[])">
            <exclude/>
        </member>
        <member name="M:BootstrapTable.Controls.TableBuilder.ApplyToColumn(System.Web.Mvc.TagBuilder,System.String,System.Object)">
            <inheritDoc/>
        </member>
        <member name="M:BootstrapTable.Controls.TableBuilder.ApplyToTable(System.String,System.Object)">
            <inheritDoc/>
        </member>
        <member name="M:BootstrapTable.Controls.TableBuilder.Apply(System.Web.Mvc.TableOption,System.Object)">
            <exclude/>
        </member>
        <member name="M:BootstrapTable.Controls.TableBuilder.Apply(System.Web.Mvc.TableOption,System.Object[])">
            <exclude/>
        </member>
        <member name="M:BootstrapTable.Controls.TableBuilder.Apply(System.Web.Mvc.TableOption[])">
            <exclude/>
        </member>
        <member name="M:BootstrapTable.Controls.TableBuilder.Cease(System.Web.Mvc.TableOption[])">
            <exclude/>
        </member>
        <member name="F:BootstrapTable.Controls.TableBuilder._builder">
            <exclude/>
        </member>
        <member name="F:BootstrapTable.Controls.TableBuilder._columns">
            <exclude/>
        </member>
        <member name="F:BootstrapTable.Controls.TableBuilder._currentColumn">
            <exclude/>
        </member>
        <member name="M:BootstrapTable.Controls.TableBuilder.ToHtmlString">
            <inheritDoc/>
        </member>
        <member name="M:BootstrapTable.Controls.TableBuilder.#ctor(System.String,System.String,System.Nullable{System.Web.Mvc.TablePaginationOption},System.Object)">
            <inheritDoc/>
        </member>
        <member name="M:BootstrapTable.Controls.TableBuilder.ApplyToColumns(System.Web.Mvc.ColumnOption)">
            <inheritDoc/>
        </member>
        <member name="M:BootstrapTable.Controls.TableBuilder.Columns(System.String[])">
            <inheritDoc/>
        </member>
        <member name="M:BootstrapTable.Controls.TableBuilder.Column(System.String,System.Boolean,System.String)">
            <inheritDoc/>
        </member>
        <member name="M:BootstrapTable.Controls.TableBuilder.Column(System.String,System.String,System.Boolean,System.String)">
            <inheritDoc/>
        </member>
        <member name="M:BootstrapTable.Controls.TableBuilder.GetColumnByTitle(System.String)">
            <exclude/>
        </member>
        <member name="M:BootstrapTable.Controls.TableBuilder.SetColumnByTitle(System.String)">
            <exclude/>
        </member>
        <member name="T:BootstrapTable.Controls.TableBuilderT`1">
            <summary>
            Build a BootstrapTable control.
            </summary>
        </member>
        <member name="M:BootstrapTable.Controls.TableBuilderT`1.#ctor(System.String,System.String,System.Web.Mvc.TablePaginationOption,System.Object)">
            <exclude/>
        </member>
        <member name="M:BootstrapTable.Controls.TableBuilderT`1.ApplyToTable(System.String,System.Object)">
            <inheritDoc/>
        </member>
        <member name="M:BootstrapTable.Controls.TableBuilderT`1.ApplyToColumns(System.Web.Mvc.ColumnOption)">
            <inheritDoc/>
        </member>
        <member name="M:BootstrapTable.Controls.TableBuilderT`1.Apply(System.Web.Mvc.TableOption[])">
            <inheritDoc/>
        </member>
        <member name="M:BootstrapTable.Controls.TableBuilderT`1.Apply(System.Web.Mvc.TableOption,System.Object)">
            <inheritDoc/>
        </member>
        <member name="M:BootstrapTable.Controls.TableBuilderT`1.Apply(System.Web.Mvc.TableOption,System.Object[])">
            <inheritDoc/>
        </member>
        <member name="M:BootstrapTable.Controls.TableBuilderT`1.Cease(System.Web.Mvc.TableOption[])">
            <inheritDoc/>
        </member>
        <member name="M:BootstrapTable.Controls.TableBuilderT`1.Columns(System.String[])">
            <inheritDoc/>
        </member>
        <member name="M:BootstrapTable.Controls.TableBuilderT`1.Apply(System.Web.Mvc.ColumnOption,System.Object[])">
            <inheritDoc/>
        </member>
        <member name="M:BootstrapTable.Controls.TableBuilderT`1.BootstrapTable#Controls#IColumnApply{BootstrapTable#Controls#IColumnBuilderT{TModel}}#Apply(System.Web.Mvc.ColumnOption,System.Object)">
            <inheritDoc/>
        </member>
        <member name="M:BootstrapTable.Controls.TableBuilderT`1.BootstrapTable#Controls#IColumnApply{BootstrapTable#Controls#IColumnBuilderT{TModel}}#Apply(System.Web.Mvc.ColumnOption[])">
            <inheritDoc/>
        </member>
        <member name="M:BootstrapTable.Controls.TableBuilderT`1.Cease(System.Web.Mvc.ColumnOption[])">
            <inheritDoc/>
        </member>
        <member name="M:BootstrapTable.Controls.TableBuilderT`1.Apply``1(System.Linq.Expressions.Expression{System.Func{`0,``0}},System.Web.Mvc.ColumnOption,System.Object[])">
            <inheritDoc/>
        </member>
        <member name="M:BootstrapTable.Controls.TableBuilderT`1.Apply``1(System.Linq.Expressions.Expression{System.Func{`0,``0}},System.Web.Mvc.ColumnOption,System.Object)">
            <inheritDoc/>
        </member>
        <member name="M:BootstrapTable.Controls.TableBuilderT`1.Apply``1(System.Linq.Expressions.Expression{System.Func{`0,``0}},System.Web.Mvc.ColumnOption[])">
            <inheritDoc/>
        </member>
        <member name="M:BootstrapTable.Controls.TableBuilderT`1.Cease``1(System.Linq.Expressions.Expression{System.Func{`0,``0}},System.Web.Mvc.ColumnOption[])">
            <inheritDoc/>
        </member>
        <member name="M:BootstrapTable.Controls.TableBuilderT`1.Column``1(System.Linq.Expressions.Expression{System.Func{`0,``0}})">
            <inheritDoc/>
        </member>
        <member name="M:BootstrapTable.Controls.TableBuilderT`1.ApplyToColumnT``1(System.Linq.Expressions.Expression{System.Func{`0,``0}},System.String,System.Object)">
            <exclude/>
        </member>
        <member name="T:System.Web.Mvc.BootstrapTableHelpers">
            <summary>
            Represents a collection of extensions that can be applied to the table builder.
            </summary>
        </member>
        <member name="M:System.Web.Mvc.BootstrapTableHelpers.BootstrapTable(System.Web.Mvc.HtmlHelper,System.String,System.Web.Mvc.TablePaginationOption,System.Object)">
            <summary>
            Returns a BootstrapTable control.
            </summary>
            <param name="helper">The HTML helper instance that this method extends.</param>
            <param name="url">The url that will be used to obtain the data.</param>
            <param name="pagination">Is pagination required.</param>
            <param name="htmlAttributes">An object that contains the HTML attributes to set for the element.</param>
            <returns>Html representation of the control.</returns>
        </member>
        <member name="M:System.Web.Mvc.BootstrapTableHelpers.BootstrapTable(System.Web.Mvc.HtmlHelper,System.String,System.String,System.Web.Mvc.TablePaginationOption,System.Object)">
            <summary>
            Returns a BootstrapTable control.
            </summary>
            <param name="helper">The HTML helper instance that this method extends.</param>
            <param name="id">Identity of the control.</param>
            <param name="url">The url that will be used to obtain the data.</param>
            <param name="pagination">Is pagination required.</param>
            <param name="htmlAttributes">An object that contains the HTML attributes to set for the element.</param>
            <returns>Html representation of the control.</returns>
        </member>
        <member name="M:System.Web.Mvc.BootstrapTableHelpers.BootstrapTable``1(System.Web.Mvc.HtmlHelper,System.String,System.Web.Mvc.TablePaginationOption,System.Object)">
            <summary>
            Returns a BootstrapTable control.
            </summary>
            <typeparam name="TModel">Model</typeparam>
            <param name="helper">The HTML helper instance that this method extends.</param>
            <param name="url">The url that will be used to obtain the data.</param>
            <param name="pagination">Is pagination required</param>
            <param name="htmlAttributes">An object that contains the HTML attributes to set for the element.</param>
            <returns>Html representation of the control.</returns>
        </member>
        <member name="M:System.Web.Mvc.BootstrapTableHelpers.BootstrapTable``1(System.Web.Mvc.HtmlHelper,System.String,System.String,System.Web.Mvc.TablePaginationOption,System.Object)">
            <summary>
            Returns a BootstrapTable control.
            </summary>
            <typeparam name="TModel">Model</typeparam>
            <param name="helper">The HTML helper instance that this method extends.</param>
            <param name="id">Identity of the control.</param>
            <param name="url">The url that will be used to obtain the data.</param>
            <param name="pagination">Is pagination required.</param>
            <param name="htmlAttributes">An object that contains the HTML attributes to set for the element.</param>
            <returns>Html representation of the control.</returns>
        </member>
        <member name="T:System.Web.Mvc.TableOption">
            <summary>
            An enumeration representing all of the options that can be set against a table.
            </summary>
        </member>
        <member name="F:System.Web.Mvc.TableOption.toggle">
            <summary>
            Activate bootstrap table without writing JavaScript.
            </summary>
            <value>string = table</value>
        </member>
        <member name="F:System.Web.Mvc.TableOption.classes">
            <summary>
            The class name of table (default = table table-hover).
            </summary>
            <value>string</value>
        </member>
        <member name="F:System.Web.Mvc.TableOption.height">
            <summary>
            The height of table.
            </summary>
            <value>int</value>
        </member>
        <member name="F:System.Web.Mvc.TableOption.undefined">
            <summary>
            Defines the default undefined text.
            </summary>
            <value>string</value>
        </member>
        <member name="F:System.Web.Mvc.TableOption.striped">
            <summary>
            True to stripe the rows (default = false)
            </summary>
            <value>bool</value>
        </member>
        <member name="F:System.Web.Mvc.TableOption.sortName">
            <summary>
            Defines which column can be sorted.
            </summary>
            <value>string</value>
        </member>
        <member name="F:System.Web.Mvc.TableOption.sortOrder_asc">
            <summary>
            Defines the column sort order as assending.
            </summary>
            <value>bool</value>
        </member>
        <member name="F:System.Web.Mvc.TableOption.sortOrder_desc">
            <summary>
            Defines the column sort order as decending.
            </summary>
            <value>bool</value>
        </member>
        <member name="F:System.Web.Mvc.TableOption.iconsPrefix">
            <summary>
            Defines icon set name.
            </summary>
            <value>string = 'glyphicon' (default) or 'fa' for FontAwesome</value>
            <remarks>1.6</remarks>
        </member>
        <member name="F:System.Web.Mvc.TableOption.icons">
            <summary>
            Defines icons that used for refresh, toggle and columns buttons.
            </summary>
            <value>object[] { refresh: 'glyphicon-refresh icon-refresh', toggle: 'glyphicon-list-alt icon-list-alt', columns: 'glyphicon-th icon-th' } </value>
            <example>
            .Apply(TableOption.iconsPrefix, "fa") //font-awesome
            .Apply(TableOption.icons, new { refresh = "fa fa-refresh" })
            </example>
            <remarks>1.6</remarks>
        </member>
        <member name="F:System.Web.Mvc.TableOption.columns">
            <summary>
            The table columns config object, see column properties for more details.
            </summary>
            <value>string[]</value>
        </member>
        <member name="F:System.Web.Mvc.TableOption.method">
            <summary>
            The method type to request remote data (default = get).
            </summary>
            <value>string</value>
        </member>
        <member name="F:System.Web.Mvc.TableOption.url">
            <summary>
            A URL to request data from remote site.
            </summary>
            <value>string</value>
        </member>
        <member name="F:System.Web.Mvc.TableOption.cache">
            <summary>
            False to disable caching of AJAX requests (default = true).
            </summary>
            <value>boolean</value>
        </member>
        <member name="F:System.Web.Mvc.TableOption.contentType">
            <summary>
            The contentType of request remote data (default = application/json).
            </summary>
            <value>string</value>
        </member>
        <member name="F:System.Web.Mvc.TableOption.dataType">
            <summary>
            The type of data that you are expecting back from the server (default = json).
            </summary>
            <value>string</value>
        </member>
        <member name="F:System.Web.Mvc.TableOption.ajaxOptions">
            <summary>
            Additional options for submit ajax request. List of values: http://api.jquery.com/jQuery.ajax.
            </summary>
            <value>object[]</value>
            <remarks>1.6</remarks>
        </member>
        <member name="F:System.Web.Mvc.TableOption.queryParams">
            <summary>
            When request remote data, sending additional parameters by format the queryParams,
            the parameters object contains: pageSize, pageNumber, searchText, sortName, sortOrder.
            Return false to stop request (default = function(params) { return params; }).
            </summary>
            <value>string</value>
        </member>
        <member name="F:System.Web.Mvc.TableOption.queryParamsType">
            <summary>
            Set "limit" to send query params width RESTFul type (default = limit).
            </summary>
            <value>string</value>
        </member>
        <member name="F:System.Web.Mvc.TableOption.responseHandler">
            <summary>
            Before load remote data, handler the response data format, the parameters object 
            contains: res: the response data (default = function(res) { return res; }
            </summary>
            <value>string (function)</value>
        </member>
        <member name="F:System.Web.Mvc.TableOption.pagination">
            <summary>
            True to show a pagination toolbar on table bottom (default = false).
            </summary>
            <value>bool</value>
        </member>
        <member name="F:System.Web.Mvc.TableOption.sidePagination">
            <summary>
            Defines the side pagination of table, can only be "client" or "server" (default = client).
            </summary>
            <value>string</value>
        </member>
        <member name="F:System.Web.Mvc.TableOption.pageNumber">
            <summary>
            When set pagination property, initialize the page number (default = 1).
            </summary>
            <value>int</value>
        </member>
        <member name="F:System.Web.Mvc.TableOption.pageSize">
            <summary>
            When set pagination property, initialize the page size (default = 10).
            </summary>
            <value>int</value>
        </member>
        <member name="F:System.Web.Mvc.TableOption.pageList">
            <summary>
            When set pagination property, initialize the page size selecting list (default = [10, 25, 50, 100]).
            </summary>
            <value>string</value>
        </member>
        <member name="F:System.Web.Mvc.TableOption.selectItemName">
            <summary>
            The name of radio or checkbox input (default = btSelectItem).
            </summary>
            <value>string</value>
        </member>
        <member name="F:System.Web.Mvc.TableOption.smartDisplay">
            <summary>
            True to display pagination or card view smartly.
            </summary>
            <value>bool</value>
        </member>
        <member name="F:System.Web.Mvc.TableOption.search">
            <summary>
            Enable the search input (default = false).
            </summary>
            <value>bool</value>
        </member>
        <member name="F:System.Web.Mvc.TableOption.searchTimeOut">
            <summary>
            Set timeout for search fire.
            </summary>
            <value>int (default = 500)</value>
            <remarks>1.6</remarks>
        </member>
        <member name="F:System.Web.Mvc.TableOption.showHeader">
            <summary>
            False to hide the table header (default = true)
            </summary>
            <value>bool</value>
        </member>
        <member name="F:System.Web.Mvc.TableOption.showColumns">
            <summary>
            True to show the columns drop down list (default = false).
            </summary>
            <value>bool</value>
        </member>
        <member name="F:System.Web.Mvc.TableOption.showRefresh">
            <summary>
            True to show the refresh button (default = false).
            </summary>
            <value>bool</value>
        </member>
        <member name="F:System.Web.Mvc.TableOption.showToggle">
            <summary>
            True to show the toggle button to toggle table / card view (default = false).
            </summary>
            <value>bool</value>
        </member>
        <member name="F:System.Web.Mvc.TableOption.minimumCountColumns">
            <summary>
            The minimum count columns to hide of the columns drop down list (default = 1).
            </summary>
            <value>int</value>
        </member>
        <member name="F:System.Web.Mvc.TableOption.idField">
            <summary>
            Indicate which field is an identity field.
            </summary>
            <value>string</value>
        </member>
        <member name="F:System.Web.Mvc.TableOption.cardView">
            <summary>
            True to show card view table, for example mobile view (default = false).
            </summary>
            <value>bool</value>
        </member>
        <member name="F:System.Web.Mvc.TableOption.searchAlign_left">
            <summary>
            Indicate how to align the search input (default = right).
            </summary>
            <value>bool</value>
        </member>
        <member name="F:System.Web.Mvc.TableOption.searchAlign_right">
            <summary>
            Indicate how to align the search input (default = right).
            </summary>
            <value>bool</value>
        </member>
        <member name="F:System.Web.Mvc.TableOption.buttonsAlign">
            <summary>
            Indicate how to align the toolbar buttons (default = right).
            </summary>
            <value>string = 'left', 'right'</value>
            <remarks>1.6.0</remarks>
        </member>
        <member name="F:System.Web.Mvc.TableOption.toolbarAlign_left">
            <summary>
            Indicate how to align the toolbar buttons on the left.
            </summary>
            <value>bool</value>
        </member>
        <member name="F:System.Web.Mvc.TableOption.toolbarAlign_right">
            <summary>
            Indicate how to align the toolbar buttons on the right.
            </summary>
            <value>bool</value>
        </member>
        <member name="F:System.Web.Mvc.TableOption.clickToSelect">
            <summary>
            True to select checkbox or radiobox when click rows (default = false).
            </summary>
            <value>bool</value>
        </member>
        <member name="F:System.Web.Mvc.TableOption.singleSelect">
            <summary>
            True to allow checkbox selecting only one row (default = false).
            </summary>
            <value>bool</value>
        </member>
        <member name="F:System.Web.Mvc.TableOption.toolbar">
            <summary>
            jQuery selector that indicate the toolbar, for example: #toolbar, .toolbar.
            </summary>
            <value>string</value>
        </member>
        <member name="F:System.Web.Mvc.TableOption.checkboxHeader">
            <summary>
            False to hide check-all checkbox in header row (default = true).
            </summary>
            <value>bool</value>
        </member>
        <member name="F:System.Web.Mvc.TableOption.maintainSelected">
            <summary>
            True to maintain selected rows on change page and search (default = false).
            </summary>
            <value>bool</value>
        </member>
        <member name="F:System.Web.Mvc.TableOption.sortable">
            <summary>
            False to disable sortable of all columns (default = true).
            </summary>
            <value>bool</value>
        </member>
        <member name="F:System.Web.Mvc.TableOption.rowStyle">
            <summary>
            The row style formatter function, take two parameters: row: the row record data. 
            index: the row index. Support classes or css.
            </summary>
            <value>string (function)</value>
        </member>
        <member name="F:System.Web.Mvc.TableOption.rowAttributes">
            <summary>
            Support all custom attributes.
            </summary>
            <value>Function	{} (parameters - row: the row record data, index: the row index)</value>
            <remarks>1.4.0</remarks>
        </member>
        <member name="F:System.Web.Mvc.TableOption.iconSize">
            <summary>
            Set the icons size.
            </summary>
            <value>?</value>
            <remarks>1.6.0</remarks>
        </member>
        <member name="F:System.Web.Mvc.TableOption.showPaginationSwitch">
            <summary>
            Toolbar button to show or hide the pagination.
            </summary>
            <remarks>1.6.0</remarks>
        </member>
        <member name="F:System.Web.Mvc.TableOption.showLoading">
            <summary>
            Show loading message when table is obtaining data.
            </summary>
        </member>
        <member name="T:System.Web.Mvc.TablePaginationOption">
            <summary>
            Represents the options available for client or server side pagination.
            </summary>
        </member>
        <member name="F:System.Web.Mvc.TablePaginationOption.none">
            <summary></summary>
        </member>
        <member name="F:System.Web.Mvc.TablePaginationOption.client">
            <summary></summary>
        </member>
        <member name="F:System.Web.Mvc.TablePaginationOption.server">
            <summary></summary>
        </member>
        <member name="T:System.Web.Mvc.ColumnOption">
            <summary>
            An enumeration representing all of the options that can be set against a column.
            </summary>
        </member>
        <member name="F:System.Web.Mvc.ColumnOption.radio">
            <summary>
            True to show a radio. The radio column has fixed width (default = false).
            </summary>
            <value>bool</value>
        </member>
        <member name="F:System.Web.Mvc.ColumnOption.checkbox">
            <summary>
            True to show a checkbox. The checkbox column has fixed width (defualt = false).
            </summary>
            <value>bool</value>
        </member>
        <member name="F:System.Web.Mvc.ColumnOption.field">
            <summary>
            The column field name.
            </summary>
            <value>string</value>
        </member>
        <member name="F:System.Web.Mvc.ColumnOption.title">
            <summary>
            The column title text.
            </summary>
            <value>string</value>
        </member>
        <member name="F:System.Web.Mvc.ColumnOption.class">
            <summary>
            The column class name.
            </summary>
            <value>string</value>
        </member>
        <member name="F:System.Web.Mvc.ColumnOption.align_left">
            <summary>
            Indicate how to align the column data.
            </summary>
            <value>bool</value>
        </member>
        <member name="F:System.Web.Mvc.ColumnOption.align_right">
            <summary>
            Indicate how to align the column data.
            </summary>
            <value>bool</value>
        </member>
        <member name="F:System.Web.Mvc.ColumnOption.align_center">
            <summary>
            Indicate how to align the column data.
            </summary>
            <value>bool</value>        
        </member>
        <member name="F:System.Web.Mvc.ColumnOption.halign_left">
            <summary>
            Indicate how to align the table header.
            </summary>
            <value>bool</value>
            <remarks>1.4.0</remarks>
        </member>
        <member name="F:System.Web.Mvc.ColumnOption.halign_right">
            <summary>
            Indicate how to align the table header.
            </summary>
            <value>bool</value>
            <remarks>1.4.0</remarks>
        </member>
        <member name="F:System.Web.Mvc.ColumnOption.halign_center">
            <summary>
            Indicate how to align the table header.
            </summary>
            <value>bool</value>
            <remarks>1.4.0</remarks>
        </member>
        <member name="F:System.Web.Mvc.ColumnOption.valign_top">
            <summary>
            Indicate how to align the cell data.
            </summary>
            <value>bool</value>
        </member>
        <member name="F:System.Web.Mvc.ColumnOption.valign_middle">
            <summary>
            Indicate how to align the cell data.
            </summary>
            <value>bool</value>
        </member>
        <member name="F:System.Web.Mvc.ColumnOption.valign_bottom">
            <summary>
            Indicate how to align the cell data.
            </summary>
            <value>bool</value>
        </member>
        <member name="F:System.Web.Mvc.ColumnOption.width">
            <summary>
            The width of column. If not defined, the width will auto expand to fit its contents.
            </summary>
            <value>int</value>
        </member>
        <member name="F:System.Web.Mvc.ColumnOption.sortable">
            <summary>
            True to allow the column can be sorted (default = false).
            </summary>
            <value>bool</value>
        </member>
        <member name="F:System.Web.Mvc.ColumnOption.order">
            <summary>
            The default sort order (default = asc).
            </summary>
            <value>string "asc" or "desc"</value>
        </member>
        <member name="F:System.Web.Mvc.ColumnOption.visible">
            <summary>
            False to hide the columns item (default = true)
            </summary>
            <value>bool</value>
        </member>
        <member name="F:System.Web.Mvc.ColumnOption.switchable">
            <summary>
            False to disable the switchable of columns item (default = true).
            </summary>
            <value>bool</value>
        </member>
        <member name="F:System.Web.Mvc.ColumnOption.clickToSelect">
            <summary>
            True to select checkbox or radiobox when the column is clicked (default = true).
            </summary>
            <value>bool</value>
        </member>
        <member name="F:System.Web.Mvc.ColumnOption.formatter">
            <summary>
            The cell formatter function, take three parameters: value: the field value. row: 
            the row record data. index: the row index (function).
            </summary>
            <value>string</value>
        </member>
        <member name="F:System.Web.Mvc.ColumnOption.events">
            <summary>
            The cell events listener when you use formatter function, take three parameters: 
            event: the jQuery event. value: the field value. row: the row record data. index:
            the row index (function).
            </summary>
            <value>string</value>
        </member>
        <member name="F:System.Web.Mvc.ColumnOption.sorter">
            <summary>
            The custom field sort function that used to do local sorting, take two parameters:
            a: the first field value. b: the second field value (function).
            </summary>
            <value>string</value>
        </member>
        <member name="F:System.Web.Mvc.ColumnOption.cellStyle">
            <summary>
            The cell style formatter function, take three parameters: value: the field value.
            row: the row record data. index: the row index. Support classes or css (function).
            </summary>
            <value>string</value>
        </member>
        <member name="F:System.Web.Mvc.ColumnOption.searchable">
            <summary>
            True to search data for this column.
            </summary>
            <value>bool</value>
            <remarks>1.5.0</remarks>
        </member>
        <member name="T:BootstrapTable.Support.NameFieldAttribute">
            <exclude/>
        </member>
        <member name="P:BootstrapTable.Support.NameFieldAttribute.Name">
            <exclude/>
        </member>
        <member name="T:BootstrapTable.Support.ValueFieldAttribute">
            <exclude/>
        </member>
        <member name="P:BootstrapTable.Support.ValueFieldAttribute.Value">
            <exclude/>
        </member>
        <member name="T:BootstrapTable.Support.FieldAttributeExtensions">
            <exclude/>
        </member>
        <member name="M:BootstrapTable.Support.FieldAttributeExtensions.FieldName(System.Enum)">
            <exclude/>
        </member>
        <member name="M:BootstrapTable.Support.FieldAttributeExtensions.FieldValue(System.Enum)">
            <exclude/>
        </member>
        <member name="T:BootstrapTable.Support.Extensions">
            <exclude/>
        </member>
        <member name="M:BootstrapTable.Support.Extensions.ToStringLower(System.Object)">
            <exclude/>
        </member>
        <member name="M:BootstrapTable.Support.Extensions.ForEach``1(System.Collections.Generic.IEnumerable{``0},System.Action{``0})">
            <exclude/>
        </member>
        <member name="M:BootstrapTable.Support.Extensions.SplitCamelCase(System.String)">
            <exclude/>
        </member>
        <member name="M:BootstrapTable.Support.Extensions.HtmlAttributesToDictionary(System.Object)">
            <exclude/>
        </member>
        <member name="M:BootstrapTable.Support.Extensions.IsAnonymousType(System.Type)">
            <exclude/>
        </member>
        <member name="M:BootstrapTable.Support.Extensions.ToSerializedString(System.Object)">
            <exclude/>
        </member>
        <member name="M:BootstrapTable.Support.Extensions.GetName``2(System.Linq.Expressions.Expression{System.Func{``0,``1}})">
            <exclude/>
        </member>
        <member name="M:BootstrapTable.Support.Extensions.GetDisplayName``2(System.Linq.Expressions.Expression{System.Func{``0,``1}})">
            <exclude/>
        </member>
        <member name="M:BootstrapTable.Support.Extensions.GetSortedProperties(System.Type)">
            <exclude/>
        </member>
    </members>
</doc>
